Model,Accuracy,Precision,Recall,F1-score,ROC-AUC
RF Combined Model,0.9995190274228203,0.9419953596287703,0.6666666666666666,0.7807692307692308,0.8333069303026878
