Model,Accuracy,Precision,Recall,F1-score,ROC-AUC
Model 1,0.9985992728454064,0.1764705882352941,0.0246305418719211,0.0432276657060518,0.5122413424501533
Model 2,0.9995148083651256,0.9346330275229358,0.6691297208538588,0.7799043062200957,0.8345347609719935
Ensemble Model,0.998746939864716,1.0,0.024630541871921183,0.04807692307692308,0.5123152709359606
